"Keyword","Impressions","Clicks","CTR","Avg. Position"
"简历","13896","130","0.9400000000000001%","6.655373114565342"
"简历制作","11465","280","2.44%","5.232710492804187"
"全民简历","5644","6","0.11%","3.4659962969525164"
"个人简历","5009","47","0.9400000000000001%","4.600513455779596"
"极简简历","4810","24","0.5%","3.6372213305613297"
"ai简历","4069","385","9.46%","2.414849373310396"
"简历制作网站免费","2760","241","8.73%","2.364132210144928"
"简历生成","2411","263","10.91%","2.5653348403152223"
"在线简历","2156","67","3.11%","4.695267486085344"
"免费简历","2056","73","3.5500000000000003%","3.5943573929961086"
"免费简历制作","1784","155","8.69%","2.279143778026906"
"免费简历模板","1621","15","0.93%","7.867992905613819"
"ai简历制作","1265","134","10.59%","2.218182292490119"
"免费在线简历模板","1227","73","5.95%","3.000832436837816"
"ai简历姬","1219","15","1.23%","6.0016365873666935"
"智简简历","1133","588","51.9%","1.4827962047661079"
"简历制作免费","1052","81","7.7%","3.2671134030418254"
"在线简历制作","1018","54","5.3%","2.9823087426326134"
"英才简历","988","1","0.1%","6.267199999999999"
"简历模板","906","11","1.21%","8.47794370860927"
"简历本","823","0","0%","5.818971202916161"
"在线简历制作 免费","750","87","11.6%","2.0506494666666666"
"全名简历","733","1","0.14%","3.924958935879946"
"简历制作网站","667","12","1.8%","5.353819940029985"
"简历ai","666","79","11.86%","2.171181831831832"
"全面简历","533","0","0%","4.052537523452158"
"简历生成器免费","508","68","13.39%","2.1476391732283466"
"ai简历生成","508","54","10.63%","2.6712492125984246"
"简历制作模板","469","10","2.13%","5.328355223880596"
"免费简历制作网站","467","46","9.85%","1.950738543897216"
"简历制作ai","448","51","11.38%","2.174112946428571"
"简历免费制作","423","27","6.38%","2.3120624113475174"
"简历免费","420","30","7.140000000000001%","3.354762380952381"
"简历网站","312","7","2.24%","6.762805128205128"
"简历模板免费使用","301","4","1.33%","5.558140199335548"
"制作简历","288","8","2.7800000000000002%","3.6458305555555555"
"二三简历","283","1","0.35000000000000003%","5.957601413427562"
"简历英文","265","1","0.38%","4.773582641509434"
"智能简历","259","13","5.0200000000000005%","2.9111861003861006"
"简历 模版","256","5","1.95%","6.304697656249999"
"简历在线制作","251","4","1.59%","4.549803984063746"
"23简历","250","0","0%","3.4640031999999996"
"极简简历官网","240","1","0.42%","5.216670416666667"
"简历在线制作免费导出","228","42","18.42%","1.8815820175438596"
"免费制作简历","227","11","4.8500000000000005%","2.7092497797356834"
"简历设计网","200","1","0.5%","8.0649945"
"简历模板免费下载","195","11","5.64%","8.384611794871796"
"ai简历姬官网","189","0","0%","6.433864550264551"
"简历的英文","186","0","0%","4.940865591397849"
"ai生成简历","180","19","10.56%","3.3500027777777777"
"hrbp","172","0","0%","8.55231918604651"
"简历ai生成","171","14","8.19%","2.865484210526316"
"简历在线","145","6","4.14%","3.406892413793103"
"简历生成ai","143","16","11.19%","2.524479020979021"
"个人简历制作","139","2","1.44%","3.0359935251798564"
"超级简历模板","139","0","0%","5.784186330935252"
"简历网站免费","127","3","2.36%","2.9921488188976384"
"简历生成器","123","12","9.76%","2.59350162601626"
"智简简历官网","123","44","35.77%","2.804861788617886"
"免费制作简历并能导出的网站","123","5","4.07%","2.772339837398374"
"生成简历","121","4","3.31%","2.702479338842975"
"免费简历网站","121","10","8.26%","1.9173537190082643"
"简历模版免费","121","2","1.6500000000000001%","6.239673553719009"
"up简历网页版","110","1","0.91%","5.95455"
"简历在线模板免费","110","3","2.73%","2.372731818181818"
"简历姬","108","0","0%","5.12962962962963"
"ai写简历","106","6","5.66%","3.9056660377358488"
"简历001","102","0","0%","3.5686215686274507"
"简历模板免费","87","0","0%","7.505754022988507"
"我的简历","86","0","0%","5.674410465116279"
"做简历的网站免费","85","1","1.18%","2.0352941176470587"
"100分简历官网","74","1","1.35%","7.2973067567567576"
"英才简历网站","73","0","0%","3.7397219178082195"
"产品经理简历","65","3","4.62%","3.123070769230769"
"个人简历模板","65","0","0%","4.784619999999999"
"面试技巧","62","1","1.61%","4.7258"
"ai制作简历","58","4","6.9%","3.9999913793103445"
"在线制作简历","55","2","3.64%","2.65454"
"简历汪","54","0","0%","9.05557962962963"
"简历制作免费网站","50","7","14%","2.4199819999999996"
"做简历的网站","49","3","6.12%","4.4694"
"全民建立","46","0","0%","2.652141304347826"
"英文简历","45","0","0%","7.822248888888889"
"ai简历模板","44","15","34.09%","1.5908931818181815"
"简历免费制作网站","44","4","9.09%","2.1136363636363638"
"求职简历","43","1","2.33%","6.325553488372093"
"个人简介英文","41","0","0%","2.21949756097561"
"简历在线编辑","40","0","0%","2.6999775"
"运营","38","0","0%","7.76315"
"简历生成网站","36","0","0%","4.249977777777778"
"工作经历英文","35","0","0%","5.799945714285715"
"简历修改网站","34","0","0%","5.852970588235293"
"简历下载","33","0","0%","6.484848484848484"
"免费在线制作简历的网站","32","6","18.75%","2.71878125"
"简介英文","28","0","0%","6.214314285714286"
"秋招","28","0","0%","8.892871428571429"
"免费做简历的网站","28","1","3.5700000000000003%","2"
"免费在线简历制作","26","1","3.85%","2.26925"
"免费简历在线制作","26","2","7.69%","2"
"简历修改网站免费","25","5","20%","1.239976"
"求简历","25","0","0%","7.479991999999999"
"简历优化","24","2","8.33%","6.749979166666667"
"做简历的ai","23","0","0%","3.1304478260869564"
"简历制作网站免费导出","23","4","17.39%","1.2608434782608697"
"免费简历模板网站","22","0","0%","3.7727500000000003"
"简历排版","22","0","0%","4.227250000000001"
"在线简历模板","22","1","4.55%","2.7272772727272727"
"简历ai生成免费","20","11","55%","1.24998"
"ai 简历姬 免费版","19","0","0%","1.8947999999999998"
"简历优化ai","18","0","0%","5"
"智简","18","6","33.33%","2.5555333333333334"
"在线简历生成","17","3","17.650000000000002%","2.4117588235294116"
"免费简历模版","17","0","0%","5.882335294117647"
"中文简历","16","0","0%","4.06249375"
"简历英语","16","0","0%","3.56250625"
"ai简历制作免费","15","3","20%","1.7333333333333334"
"知脉简历","15","0","0%","3"
"免费生成简历","14","0","0%","2.642814285714285"
"智能简历网页版","14","1","7.140000000000001%","1.9285714285714286"
"个人履历","13","0","0%","5.0000307692307695"
"文员简历模板","13","0","0%","3.2308"
"filetype:doc 简历","13","0","0%","9"
"直聘简历","12","0","0%","9.1667"
"简历免费生成","12","1","8.33%","1.83335"
"简历模板下载","12","1","8.33%","3.1667"
"修改简历","11","0","0%","5"
"免费简历生成","11","2","18.18%","2.454572727272727"
"简历宝","11","0","0%","9"
"爱简历","11","1","9.09%","3.545481818181818"
"生成简历的ai","11","0","0%","2.5455"
"超级简历网站","11","0","0%","4"
"极速简历swiftcv","11","0","0%","4.636345454545455"
"简历修改","11","0","0%","4.4545"
"制作简历的ai","11","0","0%","3"
"简历查看","11","1","9.09%","15.9091"
"简历编辑","9","0","0%","7.1111"
"简单简历","8","1","12.5%","4.5"
"在线简历编辑","8","0","0%","5"
"简历pdf","8","3","37.5%","2.3749625"
"ai做简历","7","1","14.290000000000001%","5.714285714285714"
"aijianli.cn","7","2","28.57%","2.2857142857142856"
"jijian","7","0","0%","3.857142857142857"
"一键生成简历","6","0","0%","2.66665"
"个人简历ai生成器","5","5","100%","1"
"急速简历swiftcv","5","0","0%","4"
"ai简历制作网站","5","1","20%","1.59998"
"极简简历网","5","0","0%","7.8"
"个人经历","5","0","0%","53.2"
"网上简历免费编辑","5","0","0%","2.4"
"简历模板pdf","5","0","0%","3.79998"
"在线简历免费制作","5","1","20%","2"
"免费在线简历生成器","4","2","50%","2"
"ai简历免费","4","3","75%","1"
"简历自动生成免费","4","2","50%","1.500025"
"简历生成器能生成3页的免费生成器","4","0","0%","9"
"简历模板免费转换","4","1","25%","1"
"线上ai 制作个人履历pdf","4","0","0%","5"
"在线生成简历","4","2","50%","2"
"简历模板极简","4","0","0%","3"
"免费在线简历编辑","3","0","0%","2"
"简历自我介绍生成免费","3","1","33.33%","1"
"免费生成简历的网站","3","2","66.67%","1"
"下载中文简历 pdf","3","0","0%","3"
"个人简历在线生成","3","1","33.33%","5.3333"
"完全免费ai简历","3","1","33.33%","1.6666999999999998"
"jijianx","3","0","0%","6.666666666666667"
"简历生成工具","3","1","33.33%","2.3333"
"在线修改简历","3","0","0%","3"
"在线简历制作免费下载","3","1","33.33%","1"
"网页版简历","3","1","33.33%","2.3333333333333335"
"简历导入","3","0","0%","4.6667"
"做简历的网站免费能插入图片","3","2","66.67%","1"
"简历软件","3","0","0%","5"
"制作简历的网站","3","0","0%","4"
"毕业生在线简历制作 免费","3","1","33.33%","1"
"jijiam","3","0","0%","3"
"简历生成ai免费","3","1","33.33%","1.3333333333333333"
"【优化版kenan li简历-pdf可编辑版】","3","0","0%","3.6666666666666665"
"在线简历生成器免费","3","1","33.33%","1"
"免费ai简历制作","3","2","66.67%","1"
"下载中文简历 pdf｜夏星辉_简历_cn.pdf","2","0","0%","4"
".zhuanyejianzhan.com/jpqitp/1.html","2","0","0%","7"
"中文版工作简历","2","0","0%","3"
"兼职简历 免费","2","0","0%","2"
"标准简历生成","2","1","50%","3"
"简历模版网站","2","0","0%","5.5"
"简历pdf制作","2","0","0%","4.5"
"个人简历生成","2","0","0%","5"
"简历助手免费","2","1","50%","2"
"免费简历网站推荐","2","0","0%","3"
"免费做简历自动","2","1","50%","1"
"个人简历生成器免费","2","1","50%","1"
"超级简历模板免费","2","0","0%","4"
"简历网页","2","1","50%","4.5"
"简历模板一键生成免费","2","0","0%","2"
"简历在线生成","2","1","50%","4"
"简历制作在线 ai","2","1","50%","2"
"制作简历的网站免费","2","0","0%","3.5"
"记事本风格简历","2","0","0%","10"
"ai在线简历","2","1","50%","1"
"大模型岗简历","2","0","0%","4"
"pdf 简历","2","0","0%","6"
"个人简历在线","2","0","0%","2.5"
"i简历","2","2","100%","4.5"
"自动生成简历的ai","2","2","100%","5"
"ai简历生成器免费版","2","1","50%","1"
"ai投简历","2","0","0%","5.5"
"简历制作免费下载导出","2","0","0%","2.5"
"个人简历 filetype.pdf","2","0","0%","4"
"zai在线简历编辑器免费","2","1","50%","1"
"免费在线简历模板pdf","2","0","0%","6.5"
"免费生成精美简历","2","2","100%","2"
"免费简历优化软件","2","7","350%","4"
"智简简历小程序","2","8","400%","1"
"简历生成器免费在线","2","1","50%","1.5"
"简历怎么些写","2","0","0%","5.5"
"中文简历免费生成","2","1","50%","4"
"简历一键生成","2","1","50%","2"
"免费简历照片生成","2","0","0%","3"
"在线简历编写免费","2","2","100%","4"
"免費ai履歷生成器","2","0","0%","8"
"简历制作平台","2","0","0%","4"
"简历模板ai","2","0","0%","8"
"简历ai一键生成免费","2","0","0%","7"
"自制简历模板","2","0","0%","5"
"网上免费做简历","2","0","0%","1"
"https://aijianli.cn/designresume/67694d83163b51d356f05f34","2","1","50%","1"
"简历制作免费pdf","2","0","0%","7.5"
"实习简历生成器","2","0","0%","9"
"zhiyejianli","2","0","0%","6"
"简历制作免费导出","2","4","200%","2"
"个人简历模板doc","2","0","0%","43.5"
"简历在线制作免费","2","1","50%","1"
"ji简历自动排版","2","0","0%","5"
"求职简历模板pdf","2","0","0%","7"
"ai制作简历一键生成免费","2","0","0%","1"
"ai简历免费模板","2","1","50%","1"
"免费简历在线制作导出","2","2","100%","1"
"aijianli","2","1","50%","1.5"
"个人简历模版doc","2","0","0%","35.5"
"免费制作简历网站","2","0","0%","3.5"
"免费ai生成简历","2","1","50%","1"
"已将优化后的简历整理为pdf文件，您可以通过以下链接下载： 下载链接：蔡思彦简历_优化版.pdf 文件已按以下原则优化： 1. 信息分层清晰，标题与内容区分明确 2. 段落与项目符号使用合理，提升可读性 3. 时间格式统一，经历按倒序排列 4. 联系方式与关键信息置于显眼位置 如您希望进一步调整风格、压缩为一页或添加设计元素，我可继续协助。","1","0","0%","2"
"简历免费生成ai","1","0","0%","2"
"超级简历模板免费下载pdf","1","0","0%","3"
"中文简历制作网站","1","0","0%","9"
"简历制作ai免费完整","1","0","0%","1"
"哪个ai可以直接制作可以打印的简历，无需自己排版","1","0","0%","2"
"算法工程师简历模板","1","0","0%","4"
"秋招简历在线模版免费","1","1","100%","5"
"jianlipdf","1","1","100%","4"
"给我一个非常简单的简历模板","1","0","0%","5"
"自动生成英文简历","1","0","0%","4"
"免费简历导出","1","0","0%","1"
"一键生成简历制作免费","1","1","100%","2"
"简历模板 pdf 下载","1","0","0%","7"
"zhijian简历","1","1","100%","1"
"ai汇总材料写简历","1","0","0%","3"
"简历免费在线制作","1","1","100%","3"
"简历生成 免费","1","0","0%","2"
"在线简历生成免费","1","0","0%","3"
"简历模板极简免费","1","0","0%","2"
"国内免费简历","1","0","0%","6"
"2026毕业生秋招","1","0","0%","7"
"英文简历中名字怎么写","1","0","0%","7"
"简历生成 free","1","0","0%","6"
"免费弄简历","1","0","0%","3"
"智灵简历","1","0","0%","3"
"全民简历在线","1","0","0%","2"
"小智履历","1","0","0%","4"
"在线简历生成工具","1","1","100%","2"
"做一份计算机专业博士的简历，输出为pdf或者word格式","1","0","0%","9"
"科大做简历网站","1","0","0%","7"
"miracle (免费/极简)","1","0","0%","5"
"照抄照搬 简历模版","1","0","0%","2"
"线上简历 免费","1","0","0%","2"
"简历鸭","1","0","0%","6"
"简历.pdf","1","0","0%","10"
"简历模版，极简","1","0","0%","8"
"实控人简历下载","1","0","0%","9"
"使用文本布局的个人免费简历","1","1","100%","10"
"智配简历","1","0","0%","3"
"简历文件下载","1","0","0%","12"
"个人简历模板免费下载可编辑","1","1","100%","42"
"制作简历ai","1","1","100%","2"
"售前简历","1","0","0%","5"
"今年 最新 简历模板 配置 平价","1","0","0%","7"
"在线word简历","1","0","0%","6"
"免费做简历","1","0","0%","5"
"very简历","1","0","0%","5"
"錄取個人記錄ai生成變身份","1","0","0%","8"
"简历排版 word pdf","1","1","100%","1"
"免费中文简历","1","0","0%","2"
"做简历用哪个软件方便","1","0","0%","7"
"下载新简历pdf","1","0","0%","3"
"英文简历 可以说中英文","1","0","0%","7"
"ji简简历","1","0","0%","9"
"极简风，简历模版，doc","1","0","0%","1"
"给我一个简历模版","1","0","0%","9"
"空白简历模板个人简历电子版免费pdf","1","0","0%","2"
"中国简历免费","1","0","0%","2"
"ai个人简历免费下载","1","1","100%","1"
"标志cni正式简历的官方文件","1","0","0%","8"
"简历管理系统在线","1","0","0%","2"
"简单的简历","1","0","0%","3"
"在线自己diy简历","1","0","0%","2"
"免费使用的简历","1","0","0%","1"
"免费简历ai模板","1","0","0%","2"
"免费pdf简历制作","1","0","0%","6"
"智投简历","1","0","0%","10"
"简历 ai生成极简","1","1","100%","1"
"免费制作中文简历","1","0","0%","1"
"indeed 简历生成器","1","0","0%","6"
"中文简历生成","1","1","100%","2"
"可以导出简历pdf的软件免费","1","0","0%","2"
"个人简历pdf","1","0","0%","6"
"分享三个“简历”样板","1","0","0%","5"
"求职简历pdf","1","0","0%","7"
"中文简历制作网站免费","1","0","0%","1"
"在线制作简历免费导出","1","1","100%","1"
"在线简历生成器","1","0","0%","3"
"中文简历高清","1","0","0%","5"
"简历制作中文","1","0","0%","3"
"简历中文","1","0","0%","4"
"个人工作简历制作","1","0","0%","3"
"制作一份简历","1","0","0%","5"
"免费在线简历","1","2","200%","1"
"个人简历模板pdf","1","1","100%","8"
"在线制作中文简历","1","1","100%","2"
"工作简历","1","0","0%","9"
"张书旗_电子简历.docx","1","0","0%","6"
"像写码一样制作你的简历","1","0","0%","6"
"制作简历pdf","1","0","0%","1"
"超简简历模板下载","1","0","0%","7"
"c贾力鸥_简历.pdf","1","0","0%","5"
"简历模板pdf格式","1","2","200%","4"
"【简历模板/职业生涯规划书模板等】自娶↓↓↓ https://ai.feishu.cn/wiki/coxbwsdsdipsxgkphltceaihnkc","1","1","100%","1"
"免费的简历模板 pdf","1","0","0%","6"
"简历i","1","0","0%","4"
"简单朴素的个人简历模板","1","0","0%","7"
"简历排版工具","1","2","200%","4"
"吴家来的个人简历","1","0","0%","8"
"十万份简历","1","0","0%","5"
"简历 图文","1","0","0%","3"
"原创在线简历生成器 免费模板,海量细分用途文档,每日更新,专业垂直内容一键免费下","1","0","0%","2"
"中文简历整理软件","1","0","0%","4"
"简历编辑网站","1","1","100%","2"
"履历书生成","1","0","0%","2"
"大学生简历制作","1","0","0%","7"
"编写简历的网站","1","0","0%","4"
"技术岗求职简历模板","1","1","100%","9"
"简cv","1","0","0%","6"
"免费简历制作工具","1","1","100%","2"
"简历模板下载pdf格式免费","1","0","0%","7"
"简历极简","1","0","0%","10"
"ai相关项目简历制作","1","0","0%","4"
"智能生成简历的ai","1","0","0%","4"
"全名简历网","1","0","0%","6"
"简历模板免费下载pdf格式","1","0","0%","8"
"中文简历模板在线","1","0","0%","3"
"简历模板生成免费","1","0","0%","6"
"简历stem","1","0","0%","10"
"简历生成起","1","1","100%","1"
"在线免费简历优化 免登陆","1","1","100%","1"
"我2026年5月毕业那我应该","1","0","0%","5"
"jian简历模版","1","0","0%","2"
"pastapaprike动画  漫画","1","0","0%","5"
"简历表模板免费pdf","1","0","0%","7"
"个人求职简介模版pdf","1","1","100%","2"
"简历生成中午","1","1","100%","2"
"个人简历模版pdf","1","0","0%","4"
"缚爚个人简历模板怎么制作","1","0","0%","4"
"简历大模型","1","0","0%","4"
"给我一份简历","1","0","0%","2"
"odt简历","1","0","0%","9"
"简历在线申请","1","0","0%","2"
"简历模板在线免费","1","0","0%","2"
"个人简历ai","1","3","300%","4"
"求职建立、","1","0","0%","2"
"ai pdf生成 简历","1","2","200%","1"
"在线简历制作网站免费","1","3","300%","1"
"写简历的网站免费","1","0","0%","2"
"简历制作网页","1","0","0%","3"
"ai生成简历免费","1","0","0%","7"
"简历猴","1","0","0%","4"
"：[点击下载田孟鑫-音乐教师简历（专业简约风）.docx]","1","0","0%","3"
"打工免费简历","1","1","100%","7"
"简历生产ai","1","0","0%","1"
"个人简历中文版","1","0","0%","3"
"錄取個人記錄，ai生成變身份","1","0","0%","3"
"个人简历表 ai美化","1","0","0%","7"
"庳儗哪个网站可以下载简历","1","0","0%","5"
"pdf 简历制作","1","0","0%","2"
"个人简历生成器免费版","1","0","0%","5"
"办公技能，简历 英文","1","0","0%","4"
"智途简历","1","0","0%","9"
"免费修改简历的ai","1","0","0%","7"
"求职简历模板","1","1","100%","30"
"简历网页版","1","0","0%","4"
"自动生成简历","1","0","0%","4"
"简历制作官网免费","1","2","200%","2"
"ai简历ji","1","0","0%","3"
"免费在线设计制作简历","1","0","0%","2"
"已为你生成可直接下载的无水印pdf简历，链接有效期7天，点击即可保存：王冰冰-门店店长-无水印简历.pdf（真实链接会提供有效访问地址，此为示例格式）如果下载时遇到网速慢、文件损坏等问题，或者需要延长链接有效期，随时跟我说呀～","1","0","0%","3"
"简历模板免费制作","1","0","0%","3"
"馴鈅个人简历哪里有打印的","1","0","0%","6"
"简历编辑免费","1","0","0%","2"
"简洁的响应式个人简历模板","1","0","0%","3"
"精简的简历","1","0","0%","2"
"免费ai简历模版","1","0","0%","2"
"个人简历模板一键自动生成","1","0","0%","2"
"小林简历，一键生成好简历","1","0","0%","6"
"噐懑个人简历怎么弄","1","0","0%","10"
